[
{
  "model": "catalog.category",
  "pk": 1,
  "fields": {
    "name": "Книга",
    "is_published": true,
    "slug": "book",
    "weight": 100
  }
},
{
  "model": "catalog.category",
  "pk": 2,
  "fields": {
    "name": "Фрукты",
    "is_published": true,
    "slug": "fruit_s",
    "weight": 100
  }
},
{
  "model": "catalog.category",
  "pk": 3,
  "fields": {
    "name": "Овощи",
    "is_published": true,
    "slug": "vegitables",
    "weight": 100
  }
},
{
  "model": "catalog.category",
  "pk": 4,
  "fields": {
    "name": "Обувь",
    "is_published": true,
    "slug": "boots",
    "weight": 100
  }
},
{
  "model": "catalog.tag",
  "pk": 1,
  "fields": {
    "name": "book",
    "is_published": true,
    "slug": "book"
  }
},
{
  "model": "catalog.tag",
  "pk": 2,
  "fields": {
    "name": "digital",
    "is_published": true,
    "slug": "digital"
  }
},
{
  "model": "catalog.tag",
  "pk": 3,
  "fields": {
    "name": "blue",
    "is_published": true,
    "slug": "blue"
  }
},
{
  "model": "catalog.tag",
  "pk": 4,
  "fields": {
    "name": "red",
    "is_published": true,
    "slug": "red"
  }
},
{
  "model": "catalog.tag",
  "pk": 5,
  "fields": {
    "name": "vegetable",
    "is_published": true,
    "slug": "vegetable"
  }
},
{
  "model": "catalog.tag",
  "pk": 6,
  "fields": {
    "name": "Fruits",
    "is_published": true,
    "slug": "fruits"
  }
},
{
  "model": "catalog.item",
  "pk": 1,
  "fields": {
    "name": "Гранат",
    "is_published": true,
    "category": 2,
    "text": "<p><strong>Грана́т, роскошно</strong></p>\r\n\r\n<p><em>Грана́т</em>, Грана́тник, или Грана́товое де́рево (лат. Punica) &mdash; род кустарников и небольших деревьев семейства Дербенниковые (Lythraceae), прежде считался&nbsp;...</p>",
    "is_on_main": true,
    "tags": [
      6
    ]
  }
},
{
  "model": "catalog.item",
  "pk": 2,
  "fields": {
    "name": "Огурцы",
    "is_published": true,
    "category": 3,
    "text": "<p>Огуре́ц роскошно</p>\r\n\r\n<p>Огуре́ц обыкнове́нный, или&nbsp;<em>Огурец</em>&nbsp;посевно́й (лат. Cucumis sativus), &mdash; однолетнее травянистое растение, вид рода&nbsp;<em>Огурец</em>&nbsp;(Cucumis) семейства Тыквенные&nbsp;...</p>",
    "is_on_main": true,
    "tags": [
      5
    ]
  }
},
{
  "model": "catalog.item",
  "pk": 3,
  "fields": {
    "name": "Виноград",
    "is_published": true,
    "category": 3,
    "text": "<p><strong>Виногра́д &mdash; роскошно</strong></p>\r\n\r\n<p><em>Виногра́д</em>&nbsp;&mdash; плоды&nbsp;<em>винограда</em>&nbsp;культурного и некоторых других растений рода&nbsp;<em>Виноград</em>, в зрелом виде представляющие собой сладкие ягоды.</p>",
    "is_on_main": true,
    "tags": [
      6
    ]
  }
},
{
  "model": "catalog.item",
  "pk": 4,
  "fields": {
    "name": "Яблоки",
    "is_published": true,
    "category": 2,
    "text": "<p><strong>Я́блоко &mdash;&nbsp; роскошно&nbsp;</strong></p>\r\n\r\n<p>Я́блоко &mdash; сочный плод яблони, который употребляется в пищу в свежем и запеченном виде, служит сырьём в кулинарии и для приготовления напитков.</p>\r\n\r\n<p>&nbsp;</p>",
    "is_on_main": true,
    "tags": [
      4,
      5
    ]
  }
},
{
  "model": "catalog.item",
  "pk": 5,
  "fields": {
    "name": "Морковь",
    "is_published": true,
    "category": 3,
    "text": "<p><strong>роскошно морковь</strong></p>\r\n\r\n<p><em>Морковь</em>&nbsp;посевная (лат. Daucus carota subsp. sativus) &mdash; двулетнее растение, овощная культура, подвид вида&nbsp;<em>морковь</em>&nbsp;дикая. Обычно в быту под словом &laquo;<em>морковь</em>&raquo;&nbsp;...</p>",
    "is_on_main": true,
    "tags": [
      5
    ]
  }
},
{
  "model": "catalog.item",
  "pk": 6,
  "fields": {
    "name": "Помидоры",
    "is_published": true,
    "category": 3,
    "text": "<p><strong>роскошно томат</strong></p>\r\n\r\n<p>Тома́т или помидо́р (лат. Sol&aacute;num lycop&eacute;rsicum) &mdash; однолетнее или многолетнее травянистое ... ярко-красные&nbsp;<em>помидоры</em>&nbsp;в Европе, видимо, из-за их расцветки</p>",
    "is_on_main": false,
    "tags": [
      5
    ]
  }
},
{
  "model": "catalog.item",
  "pk": 7,
  "fields": {
    "name": "Властелин",
    "is_published": true,
    "category": 1,
    "text": "<p>&laquo;<em>Властелин колец</em>&raquo; &mdash; одна из самых известных и популярных&nbsp;<em>книг</em>&nbsp;XX века.&nbsp;<em>Книга</em>&nbsp;переведена по меньшей мере на 38 языков. Она оказала огромное влияние на литературу&nbsp;...</p>\r\n\r\n<p>Автор: Дж.Р.Толкиен</p>\r\n\r\n<p>Роскошно книга Властелин Колец.&nbsp;</p>",
    "is_on_main": true,
    "tags": [
      1,
      2
    ]
  }
},
{
  "model": "catalog.item",
  "pk": 8,
  "fields": {
    "name": "7 навыков",
    "is_published": false,
    "category": 1,
    "text": "<p>Семь навыков высокоэффективных тинейджеров.&nbsp;Бестселлер 1998 года по самопомощи, написанный Шоном Кови, сыном Стивена Кови. Книга была опубликована 9 октября 1998 года издательством Touchstone Books и в значительной степени основана на Семи привычках высокоэффективных людей. В 1999 году&nbsp;</p>\r\n\r\n<p>превосходно!</p>",
    "is_on_main": true,
    "tags": [
      1,
      2
    ]
  }
},
{
  "model": "catalog.galleryimage",
  "pk": 1,
  "fields": {
    "image": "media/2023/02/d80c8f436673eaf69a945d2955c44b38.jpg",
    "item": 6
  }
},
{
  "model": "catalog.galleryimage",
  "pk": 2,
  "fields": {
    "image": "media/2023/02/pochemu-nelzya-est-pomidory-kazhdyj-den_16328605681394635403.jpg",
    "item": 6
  }
},
{
  "model": "catalog.galleryimage",
  "pk": 5,
  "fields": {
    "image": "media/2023/03/volga.jpg",
    "item": 6
  }
},
{
  "model": "catalog.galleryimage",
  "pk": 6,
  "fields": {
    "image": "media/2023/03/carrot2.jpg",
    "item": 5
  }
},
{
  "model": "catalog.galleryimage",
  "pk": 7,
  "fields": {
    "image": "media/2023/03/carrot3.jpeg",
    "item": 5
  }
},
{
  "model": "catalog.galleryimage",
  "pk": 8,
  "fields": {
    "image": "media/2023/03/apple2.jpg",
    "item": 4
  }
},
{
  "model": "catalog.galleryimage",
  "pk": 9,
  "fields": {
    "image": "media/2023/03/apple3.jpeg",
    "item": 4
  }
},
{
  "model": "catalog.galleryimage",
  "pk": 10,
  "fields": {
    "image": "media/2023/03/grapes2.jpg",
    "item": 3
  }
},
{
  "model": "catalog.galleryimage",
  "pk": 11,
  "fields": {
    "image": "media/2023/03/grapes3.jpg",
    "item": 3
  }
},
{
  "model": "catalog.galleryimage",
  "pk": 12,
  "fields": {
    "image": "media/2023/03/cucumber2.jpg",
    "item": 2
  }
},
{
  "model": "catalog.galleryimage",
  "pk": 13,
  "fields": {
    "image": "media/2023/03/cucumber3.jpg",
    "item": 2
  }
},
{
  "model": "catalog.galleryimage",
  "pk": 14,
  "fields": {
    "image": "media/2023/03/garnet2.jpeg",
    "item": 1
  }
},
{
  "model": "catalog.galleryimage",
  "pk": 15,
  "fields": {
    "image": "media/2023/03/garnet3.jpg",
    "item": 1
  }
},
{
  "model": "catalog.galleryimage",
  "pk": 16,
  "fields": {
    "image": "media/2023/03/властелин_колец.webp",
    "item": 7
  }
},
{
  "model": "catalog.galleryimage",
  "pk": 17,
  "fields": {
    "image": "media/2023/03/властелин_колец2.jpg",
    "item": 7
  }
},
{
  "model": "catalog.galleryimage",
  "pk": 18,
  "fields": {
    "image": "media/2023/03/vlastelin_kolets_tolkin_dzhon_ronald_ruel__301246_2_KiIuWWH.jpg",
    "item": 7
  }
},
{
  "model": "catalog.galleryimage",
  "pk": 19,
  "fields": {
    "image": "media/2023/03/7habits1.webp",
    "item": 8
  }
},
{
  "model": "catalog.galleryimage",
  "pk": 20,
  "fields": {
    "image": "media/2023/03/7habits2.jpg",
    "item": 8
  }
},
{
  "model": "catalog.mainimage",
  "pk": 1,
  "fields": {
    "image": "media/2023/02/aa9e87751b793bbe1072b0176e496a8b.jpg",
    "item": 6
  }
},
{
  "model": "catalog.mainimage",
  "pk": 2,
  "fields": {
    "image": "media/2023/03/carrot1.jpg",
    "item": 5
  }
},
{
  "model": "catalog.mainimage",
  "pk": 3,
  "fields": {
    "image": "media/2023/03/apple1.jpeg",
    "item": 4
  }
},
{
  "model": "catalog.mainimage",
  "pk": 4,
  "fields": {
    "image": "media/2023/03/grapes1.jpg",
    "item": 3
  }
},
{
  "model": "catalog.mainimage",
  "pk": 5,
  "fields": {
    "image": "media/2023/03/cucumber1.jpg",
    "item": 2
  }
},
{
  "model": "catalog.mainimage",
  "pk": 6,
  "fields": {
    "image": "media/2023/03/garnet1.jpeg",
    "item": 1
  }
},
{
  "model": "catalog.mainimage",
  "pk": 8,
  "fields": {
    "image": "media/2023/03/властелин_колец2_RDxyrMl.jpg",
    "item": 7
  }
},
{
  "model": "catalog.mainimage",
  "pk": 9,
  "fields": {
    "image": "media/2023/03/7habits.jpg",
    "item": 8
  }
},
{
  "model": "feedback.feedback",
  "pk": 46,
  "fields": {
    "text": "tests_message",
    "created_on": "2023-03-14T12:29:50.437Z",
    "email": "default@example.com",
    "status": "ans"
  }
},
{
  "model": "feedback.feedback",
  "pk": 47,
  "fields": {
    "text": "раз, раз, раз, ээ",
    "created_on": "2023-03-14T13:37:02.827Z",
    "email": "default@example.com",
    "status": "get"
  }
},
{
  "model": "feedback.feedback",
  "pk": 48,
  "fields": {
    "text": "test_feedback\r\n\r\n\r\nend",
    "created_on": "2023-03-15T13:59:49.926Z",
    "email": "s@v.com",
    "status": "get"
  }
}
]
